<?xml version="1.0" encoding="UTF-8" standalone="no"?><ListaProductos fecha="23/11/2011">
<Producto aLaVenta="false" id="1">
  <Nombre> Producto 1 </Nombre>
  <Precio> 10.0 </Precio>
  <Stock> 3 </Stock>
</Producto>
<Producto aLaVenta="true" id="2">
  <Nombre> Producto 2 </Nombre>
  <Precio> 15.0 </Precio>
  <Stock> 10 </Stock>
</Producto>
<Producto aLaVenta="false" id="3">
  <Nombre> Producto 3 </Nombre>
  <Precio> 25.0 </Precio>
  <Stock> 0 </Stock>
</Producto>
<Producto aLaVenta="true" id="4">
  <Nombre> Producto 4 </Nombre>
  <Precio> 5.75 </Precio>
  <Stock> 50 </Stock>
</Producto>
</ListaProductos>